{"cameraMode":{"drawMode":0,"name":"Shaded","section":"Shading Mode"},"sceneLighting":true,"audioPlay":false,"sceneViewState":{"showFog":true,"showMaterialUpdate":true,"showSkybox":false,"showFlares":true,"showImageEffects":false,"showParticleSystems":true},"in2DMode":false,"pivot":{"x":69.48760223388672,"y":1.0124579668045045,"z":-87.4916000366211},"rotation":{"x":0.2479275017976761,"y":-0.09882914274930954,"z":0.04691792279481888,"w":0.963871955871582},"size":8.539164543151856,"orthographic":false}